SKU,Regular price
TCCV-600,4206.88
7MP6-1200,3568.5
7RMP6-12001000,3352.18
7MP6-1000,3009.8
7MP4-1200,2833.18
7RMP6-1000800,2677.1
2CMP6-1200,2429
7MP4-1000,2305.02
2CMP4-1200,2070
TCBVS3T-200,2061.2
TCBFN6-800,1812.34
BWBFN6-800,1812.34
2CMP6-1000,1797.92
2KMP6-1200,1627.52
2CMP4-1000,1526.46
2KMP4-1200,1498.68
9MP6-600,1488.96
7MPS6-800,1423.36
BWBVS-400,1393.64
TCBVS-400,1393.64
TCBVS3T-150,1350.16
3214MP6-12001000,1336.06
45BY6-300,1325.7
2WC6P-1200,1292.76
TCBFV6-600,1281.56
28BMP6-600,1266.74
2KMP6-1000,1240.66
FLGTC6-600,1202.04
2WK6P-1200,1193.38
2SXL366-400,1182.62
28AMP6-600,1157.38
28AMP4-600,1153.78
FLGTC6-800,1145.48
2KMP4-1000,1139.32
7RMPS6-800400,1129.92
28BMP4-600,1127.12
7RMPS6-800600,1121.68
7RMPS6-800300,1121.42
7MP6-800,1099.98
3114MP6-12001000,1080.74
28W6P-600,1078.24
7RMPS4-800300,1066.2
7RMPS4-800400,1065.16
7RMPS4-800600,1061.66
3214MP6-1000800,1058.76
TCBFESR-400,1042.46
2SXL364-400,1034.74
2WC4P-1200,1029.72
7RMP6-800300,1022.06
28WA6P-600,1018.92
7RMP6-800400,1018.52
7RMP6-800600,1015.1
28W4P-600,1003.04
2SXL246-400,987.44
7MP4-800,977.5
7RMP4-800300,976.48
FLGTC6-400,975.56
7RMP4-800400,971.82
7RMP4-800600,968.88
14VB6-1200,955.72
7WL6P-800,950.48
2SXL186-400,909.34
BWBVS-300,889.08
TCBVS-300,889.08
2WC6P-1000,886.04
2WK4P-1200,881.78
31W6P-12001000,878.44
2SXL244-400,872.18
3114MP6-1000800,871.76
28WA4P-600,869.88
FLGTC4-600,869.7
7MPS6-600,854.84
TCBFN6-600,851.7
BWBFN6-600,851.7
2CMP4-800,840.72
14VB6-1000,838.62
7RMPS6-600400,836.96
BV3S-400,831.82
FLGTC4-800,828.76
7RMPS6-600200,828.5
TCBFESR-300,825.52
7RMPS6-600300,824.68
45BY6-250,820.9
2WK6P-1000,818.1
2SXL184-400,797
9W6P-600,757.64
TCBFESR-250,748.8
BV2T-400,745.84
7RMP6-600400,738.62
7RMP6-600200,732.8
2WC4P-1000,723.44
7WL4P-800,716.4
7RMP6-600300,712.56
31W4P-12001000,707.26
3214MP6-800300,702.3
31W6P-1000800,698.82
3214MP6-800600,697.58
TCBFESR-200,695.3
3214MP6-800400,694.48
38SL4-1200,692.58
7WRT6P-800600,689.48
7WRT6P-800300,688.7
2SXL366-250,685.68
7MP6-600,685.54
2KMP4-800,683.02
7WRT6P-800400,667.28
7RMPS4-600200,665.7
7RMPS4-600400,660.64
7RMPS4-600300,660.1
2SXL246-300,659.46
2SXL366-300,658.5
TCBFESR-100,649.74
BWBVS-250,647.9
TCBVS-250,647.9
TCBFESR-150,647.34
2SXL186-300,645.22
2SXL366-200,625.34
7RMP4-600400,624.8
7RMP4-600200,624.4
7RMP4-600300,623.1
FLGTC4-400,619.66
2CMP6-800,617.28
2WK4P-1000,616.82
2SXL364-250,602.32
2SXL124-400,596.7
3214MP4-800600,596.52
45BY6-200,595.64
3214MP4-800300,595.22
3214MP4-800400,593.14
TCBFV6-400,590.16
7WRT4P-800400,586.46
2SXL244-300,582.5
7WRT4P-800300,579.1
7WRT4P-800600,577.94
TCCV-400,576.88
2SXL246-250,572.8
14VB6-800,570.5
2KMP6-800,568.62
31W4P-1000800,563.02
3114MP6-800300,562.44
2SXL184-300,559.6
3114MP6-800400,556.78
2SXL364-200,547.68
BV3S-300,542.66
3114MP6-800600,542.42
2SXL186-250,536.34
2SXL246-200,528.92
16AMP6-1200,523.3
2UMP6-600,522.84
7MP4-600,512.98
9W4P-600,512.7
TCSG-400,512.56
31W6P-800400,511.38
31W6P-800300,510.12
28BMP6-400,509
2SXL126-300,503.82
2SXL126-250,501.52
2SXL244-250,500.02
2WUL6P-600,499.56
38SL6-800,490.46
31W6P-800600,489.34
FLGTC6-300,489.02
7WL6P-600,487.36
28AMP6-400,481.34
2SXL186-200,474.92
3114MP4-800400,474.46
3114MP4-800600,472.4
3114MP4-800300,472.06
2SXL184-250,471.46
2SXL244-200,467.9
TCCV-300,467.56
28BMP4-400,463.22
28AMP4-400,458.3
9MP6-400,455.64
45BY6-150,453.26
3214MP6-600400,450.96
3214MP6-600200,445.24
BV3S-250,444.52
2SXL124-300,441.1
TCSG-300,439.74
2SXL124-250,437.62
2SXL126-200,428.84
3214MP6-600300,425.7
FLGTC4-300,424.88
2SXL186-150,424.1
2WC6P-800,417.66
2SXL246-150,413.12
2SXL184-200,412.62
FLGTC6-250,410.76
28BMP6-300,410.26
2SXL126-150,402.38
TCSG-250,402.28
TCBFN6-400,398.58
BWBFN6-400,398.58
3114MP6-600200,397.7
3114MP6-600300,397.16
3114MP6-600400,391.52
38SL4-1000,389.58
BV2T-300,386.98
TCCV-250,386.52
2SXL124-200,377.02
2UMP6-400,376.38
3214MP4-600200,374.9
2SXL184-150,367.36
3214MP4-600400,365.78
2SXL244-150,364.76
TCBFV6-300,360.92
2WC4P-800,357.5
FLGTC4-250,356.52
FLGTC6-200,354.88
2SXL124-150,352.12
14MPW6-800,349.6
3214MP4-600300,349.6
TCSG-200,347.6
38SL6-600,345.96
31W4P-800600,345.44
31W4P-800300,345.36
38SL4-800,344.42
32W6P-800600,344.12
7MPS6-400,343.88
32W6P-800400,341.98
7WL4P-600,340.96
31W4P-800400,340.7
32W6P-800300,339.12
2CMP6-600,338.34
28BMP4-300,337.34
28BMP6-250,336.04
L2CM4-600,329.82
22MP6-400300,322.5
32W6P-400100,321.94
28AMP6-300,321.94
3114MP4-600400,321.12
3114MP4-600300,321.08
3114MP4-600200,319.3
TCSG-100,314.54
22MP6-400,312.62
16AMP6-1000,309.12
32W6P-600200,307.32
BWBVS-200,305.92
TCBVS-200,305.92
TCSG-150,304.7
2KMP4-600,299.26
28BMP4-250,298.34
2KMP6-600,296.68
BV2T-250,296.52
FLGTC6-100,294.38
32W4P-800400,293.12
28AMP4-300,292.98
32W4P-800300,292.28
FLGTC6-150,291.5
32W4P-800600,290.92
28AMP6-250,287.8
2UMP6-300,287.48
FLGTC4-200,285.72
21MP6-400300,285.14
14VB6-600,285.08
3114MP6-400100,284.2
2CMP4-600,282.84
28W6P-400,279.86
19MPX6-600,271.3
2WK6P-800,270.62
3214MP6-400100,268.92
32W6P-400150,267.4
28W6P-300,267.04
22MP4-400,265.74
14WLMP6-800,263.4
19MPV6-400,262.74
38SL6-400,262.42
21MP6-400,261.94
2WUL6P-400,261.88
TCBFV6-250,261.24
7WRT6P-600400,260.7
28AMP4-250,259.38
7WRT6P-600300,255.06
7WRT6P-600200,254.68
3114MP6-400150,253.46
TCBFN6-300,249.36
BWBFN6-300,249.36
31W6P-400100,247.12
FLGTC4-150,246.66
14MPW6-600,244.72
38SL4-600,244.26
FLGTC4-100,234.42
3114MP4-400100,234.22
TCCV-200,233.96
32W6P-600400,233.52
19MPV4-400,232.84
2WK4P-800,231.64
L2S6P-600,229.82
19MPV6-300,229.72
7RMPS6-400100,227.1
7RMPS6-400250,226.16
7RMP6-400300,224.36
7RMPS6-400150,224.3
32W6P-600300,224.06
21MP4-400,222.66
7WRT4P-600200,220.92
7WRT4P-600300,218.58
14AM76-1200,218.24
BWBVS-150,218.12
TCBVS-150,218.12
7RMPS6-400200,217.08
7WRT4P-600400,212.44
3214MP6-400150,211.66
7RMPS6-400300,210.86
15WLI6-600,208.76
7RMP6-400250,206.42
2UMP6-250,205.52
7RMP6-400100,205.42
7RMP6-400200,205.38
2WC6P-600,203
28BMP6-200,202.94
9MP6-300,202.44
19MPV4-300,201.34
3114MP4-400150,200.38
28W6P-250,199.36
15WI6-600,197.44
28W4P-400,196.72
BV3S-200,196.44
28WA6P-400,196.14
7RMP6-400150,196.14
38SL6-300,195.5
14WLMP4-800,195.18
28AMP4-200,194.74
16W6P-800,194.58
L2KS6P-600,193.96
28BMP4-200,193.06
9W6P-400,192.98
9MP6-250,192.8
3214MP4-400100,192.26
7WWM6-400,192.02
32W4P-400100,191.66
TCBFV6-200,191.02
TCBFN6-250,190.46
BWBFN6-250,190.46
31W6P-400150,189.1
AW2S6P-400,189
38SL4-400,186.84
7RMPS4-400150,186.44
7RMPS4-400100,186.12
7RMPS4-400200,185.4
7RMPS4-400300,185.12
38SL6-250,184.86
TCCV-150,184.14
TCCV-100,183.9
14AM74-1200,183.72
P41-800,182.98
19MPV6-250,182.9
14WLI6-600,180.54
28WA6P-300,180.02
TCCV-075,179.3
28W4P-300,179.18
3114MP6-300100,177.86
15WI4-600,175.46
14WMP6-1200,175
TCCV-050,174.68
16W4P-800,173.4
2WUL6P-300,173.32
28AMP6-200,171.94
L2KS4P-600,169.34
7RMPS6-300100,169.32
STL14AM76PL-600,168.78
14AM76-1000,168.44
22MP6-300200,167.9
7RMPS6-300150,167.72
19MPV4-250,167.56
19MPV6-200,165.52
7RMP4-400150,165.28
7RMP4-400100,165.22
7RMP4-400300,164.66
22MP6-250200,164.28
7RMP4-400200,164.16
2UMP6-200,162.52
TCBFN6-200,162.32
BWBFN6-200,162.32
T24-1200,162.04
19WX6-400,161.58
7RMPS6-300250,161.3
7RMPS6-150050,160.94
31W4P-400100,160.84
14WI6-600,160.58
7RMPS6-300200,160.3
7RMPS6-150075,159.82
L2S4P-600,158.98
14WLMP6-600,157.84
7RMPS6-100075,155.64
2WUL6P-250,155.58
7RMPS6-100050,154.34
28BMP6-150,154.22
TCBFV6-150,153.6
7RMPS4-400250,151.98
31W6P-600400,151.68
7RMP6-300150,151.66
3214MP6-150050,151.34
TCBFV6-100,150.96
19MPV4-200,150.32
9MP6-200,149.94
7RMP6-300200,149.44
22MP6-250150,148.36
32W4P-600200,148.18
3214MP4-400150,147.94
14WMP4-1200,147.74
14WI4-600,146.54
7MPS6-300,145.08
32W4P-600300,144.96
2WC4P-600,144.84
7WMM6-400,144.76
31W6P-600200,144.46
7RMP6-300250,144.32
19WX4-400,144.18
32W4P-600400,143.38
22MP6-300,143.32
28BMP6-100,143.3
31W6P-600300,143.1
28BMP4-150,142.84
3114MP4-300100,142.76
3214MP4-300100,142.52
7RMP6-300100,142.5
21MP6-300200,141.26
14AM74-1000,141.2
3214MP6-150075,139.48
38SL4-300,139.42
7RMPS4-300150,139.04
14MPHR6-600,138.78
7RMPS4-300100,138.56
28AMP4-150,138.2
28AMP6-100,138.2
28WA4P-400,137.86
16AMP6-800,137.66
16AMP4-500,137.1
BV3S-150,136.92
28WA6P-250,136.7
31W4P-600300,136.12
28AMP6-150,135.8
TCBFN6-100,135.14
BWBFN6-100,135.14
P41-600,132.72
38SL4-250,132.44
38SL6-200,132.44
7RMP4-400250,131.86
BWBVS-100,131.72
TCBVS-100,131.72
7WMM4-400,131.06
TCBFN6-150,130.74
BWBFN6-150,130.74
7WWM4-400,130
13MHHM-1200,129.78
7WMM6-300,129.72
28BMP4-100,129.52
31W4P-600200,129.32
22MP6-250,129.14
9W6P-300,129.06
28W6P-200,129.06
7RMP6-150050,128.66
14VB6-400,128.5
16AMP6-500,127.7
2WK6P-600,127.58
14WMP6-1000,126.66
28AMP4-100,125.78
7RMP6-100075,125.66
9W4P-400,125.38
7RMP6-150075,125.36
31W4P-400150,125.24
9MP6-150,124.88
7RMP6-100050,124.86
14AM76-500,124.06
T24-1000,124
13ILB-600,123.42
7RMPS6-250150,123.32
7MPS6-200,122.84
7RMP6-075050,122.7
7RMPS4-300250,122.22
7RMPS4-300200,121.9
22MP4-300,121.82
31W4P-600400,121.4
28WA4P-300,120.8
21MP6-300,120.74
7MPS6-250,120.62
7RMPS6-075050,120.28
7RMP4-300100,118.76
9MP6-100,118.16
28W4P-250,118.06
7RMP4-300150,117.98
7RMPS4-250150,117.8
2UMP6-150,117.72
7RMPS6-250200,117.58
21MP6-250200,117.22
BV2T-200,116.9
7WWM6-300,116.8
16AMP4-800,116.58
16W6P-600,116.54
SRH-100-360,116.04
15A6-300,116.02
32W4P-400150,115.68
3214MP6-400200,114.36
21MP6-250150,114
14WMP4-1000,112.94
7WMM4-300,112.6
13MHHM-1000,111.12
28WA6P-200,110.74
19MPV6-150,110.66
22MP4-250,109.76
7RMPS6-200150,108.96
P24-800,108.76
14WMP6-800,108.62
2WK4P-600,107.42
7RMPS4-200100,107.2
3214MP4-400200,106.08
14WLMP4-600,106.06
7RMPS6-200100,106.04
P41-400,105.96
7MP6-400,105.9
21MP6-250,105.34
BWBVS-075,104.82
TCBVS-075,104.82
3214MP6-400250,104.72
BV3S-125,104.1
7RMPS4-250200,103.88
9W6P-250,103.6
19MPX6-400,103.52
19WB6-400,103.46
7MP4-400,103.34
14RMP4-600,102.84
21MP4-300,102.62
28W6P-150,102.42
14AM76-800,102.26
7RMP4-300250,102.1
7RMP4-300200,102.08
28W6P-100,101.96
3214MP6-250150,100.94
3214MP4-400250,100.76
7WWM6-250,100.7
7RMP6-250150,100.62
15WLI6-400,100.08
19MPV4-150,99.84
L2CM4-400,98.98
14WMP6-500,98.84
7MP6-300,98.8
7RMP4-250150,98.58
7MPS6-100,98.56
9W6P-200,98.24
15A6-400,97.44
38SL6-050,97
7RMP6-250200,96.82
9W4P-300,96.78
38SL6-075,96.76
38SL6-150,96.48
7WMM6-250,96.48
14AM74-500,96.32
AW2KS6P-400,96.12
RST-400,95.82
3214MP6-100050,95.74
16W4P-600,95.64
3214MP6-300100,95.6
21MP6-200075,95.32
STC-150-180B,94.84
14MPHR6-400,94.74
2CMP6-400,94.62
19WX6-300,94.56
BWBVS-050,94.56
TCBVS-050,94.56
3114MP6-400200,94.38
21MP6-200050,94.04
3114MP6-300150,93.84
38SL4-200,93.66
GTCT-1200,93.2
3114MP6-400250,93.14
14WLI6-400,92.7
7MPS6-150,92.52
STC-150-180T,92.26
3214MP4-300150,91.92
7RMP6-200100,91.34
3214MP6-300150,90
7RMPS4-150100,89.74
21MP4-250,89.54
7WRT6P-400100,89.22
21MP6-200100,88.86
3114MP4-400200,88.52
14AM74-800,88.4
7WRT6P-400150,88.24
3114MP6-150050,88.22
21MP6-200150,88.2
7WMM6-200,87.7
14WMP4-500,87.52
7WMM4-250,87.44
3114MP6-150075,87.42
GTCV-1200,87.26
28W4P-100,86.68
7RMP6-200150,86.6
7RMP4-200100,86.5
3214MP6-400300,86.28
AW2S6P-300,86.22
19MPX6-300,86.16
9W6P-150,85.7
7WMM6-150,85.3
19MPX6-250,84.42
19WX4-300,84.38
14VB6-300,83.96
19MPX4-400,83.7
7RMP4-250200,83.64
7RMPS4-200150,83.46
BV2T-150,83.14
3214MP6-100075,83.04
3114MP4-300150,82.88
3114MP4-400250,82.88
13MHP-800,82.58
3214MP4-400300,82.26
9W6P-100,82.08
7RMPS6-150100,81.64
14AM76-600,81.36
7WWM4-300,81.36
P24-600,81.2
15WLI6-300,81.12
28WA4P-250,80.94
28W4P-200,80.86
7WMM4-200,80.06
38SL6-100,79.88
7WMM4-150,79.88
7WWM6-200,79.72
P41-300,79.2
14MPHR4-400,78.24
3214MP6-075050,78.16
14WLI6-300,77.62
7MPS6-075,77.58
28WA6P-150,77.54
7MPS6-050,77.2
16AMP6-600,77.14
3114MP6-400300,77.02
3114MP6-075050,76.26
14MPW6-400,76.2
31W6P-200050,76.18
19WX6-250,76.18
28W4P-150,76.08
2WUL6P-200,75.44
GTCV-1000,74.64
STC-150-360,74.6
19WB4-400,73.94
22MP6-200,73.7
2UMP6-100,73.56
14VB6-075,73.46
14VB6-050,73.36
7MP4-300,73.18
22MP6-200050,72.96
31W6P-300100,72.52
14MPHR6-200075,72.28
21MP6-100050,72.24
14MPHR6-200050,71.9
14MPHR6-300,71.78
7WRT6P-400250,71.54
21MP6-200,70.8
14A6-400,70.42
15A6-250,70.42
32W6P-150050,70.08
7WWM6-150,69.84
21MP6-150050,69.46
28WA4P-200,69.38
19MPX4-300,69.3
3114MP6-100075,68.98
19MPV6-100,68.96
38SL4-050,68.58
L2S6P-400,68.34
38SL4-150,68.26
38SL4-075,68.26
19WX6-200,68.26
3114MP4-400300,68.22
14VB6-250,68.2
31W4P-300100,68.04
19WX4-250,67.98
16AMP4-600,67.94
GTCV-800,67.94
P41-250,67.9
7WWM4-250,67.9
21MP6-150075,67.74
21MP6-100075,67.56
19MPX4-250,67.5
3114MP6-100050,67.42
23BMPB6-300,67.24
22MP6-200075,67.22
32W6P-300100,67.16
7WRT6P-400200,67.1
14MPHR6-200150,67
32W6P-150075,66.96
2CMP4-400,66.82
31W6P-200075,66.66
28WA6P-100,66.62
AW2S6P-250,66.5
7RMP4-150100,66.24
14MPHR6-200100,66.2
7RMP6-150100,65.9
32W6P-400200,65.44
3214MP6-300200,65.32
STC-100-180B,64.94
21MP6-100375,64.88
21MP6-150375,64.88
19WB6-300,64.84
3214MP4-300200,64.66
7WRT6P-400300,64.62
2WUL6P-150,64.58
BV2T-125,64.56
7WL6P-400,64.32
32W6P-200050,64.3
STL14AM76PL-400,64.28
19WX6-075,64.14
21MP6-150100,64.04
22MP6-200100,64
7RMP4-200150,63.7
7WRT4P-400100,63.66
7WRT4P-400200,63.6
19WX6-050,63.52
RST-300,63.46
31W6P-150075,63.26
7WRT4P-400150,63.22
19MPX6-200,63.14
7WRT4P-400300,63.12
BV3S-100,62.9
21MP6-100025,62.9
21MP6-150025,62.9
22MP4-200,62.66
7WWM6-100,62.5
2KMP6-400,62.4
22MP6-150050,62.26
22MP6-150075,62.1
T24-800,62.08
21MP6-1000125,61.98
9W4P-250,61.92
7WS6P-400,61.64
L2KS6P-400,61.62
3114MP6-300200,61.2
7MP6-075,60.92
19WX4-200,60.9
7MP6-050,60.78
7WRT4P-400250,60.68
STC-100-180T,60.52
22MP6-075050,60.3
14WMP4-800,60.2
21MP4-200,60.18
7WL4P-400,59.98
22MP6-150125,59.78
15WLI6-250,59.64
2WUL6P-100,59.56
7MP6-250,59.54
3214MP6-300250,59.12
32W4P-400200,59
14WLI6-250,58.94
3214MP4-300250,58.68
2KMP4-400,58.46
22MP6-200150,58.24
9W4P-200,58.16
9W4P-100,57.96
14AM74-600,57.86
22MP6-150,57.68
28WA4P-150,57.6
32W6P-100075,57.46
14MPHT6-400,57.18
38SL4-100,57.14
22MP6-150100,57
3114MP4-300200,56.96
15WI6-400,56.9
28WA4P-100,56.64
3214MP4-250150,56.46
L2CM4-300,56.34
23BMPB6-250,56.32
AW2KS6P-300,56.32
3114MP6-250200,56.28
22MP6-100375,55.66
22MP6-150375,55.66
19MPV4-100,55.48
13MHP-600,55.08
2CMP6-300,54.86
14WI6-400,54.84
14WMP6-600,54.34
7WWM4-200,54.08
32W6P-100050,54.04
P41-200,54.04
14MPHR6-250,54.02
14MPHR6-200,53.98
STC-100-360,53.86
9W4P-150,53.82
13ILB-400,53.66
22MP6-100,53.58
22MP6-100050,53.16
32W6P-200075,53.06
22MP6-100075,52.74
7MP6-200,52.6
22MP6-1000125,52.5
13H-400,52.2
15WLI6-100,52
31W6P-400200,51.98
GILEW-600,51.92
22MP6-100025,51.84
22MP6-150025,51.84
7WRT4P-300100,51.68
31W6P-400250,51.28
3214MP6-200100,51.16
GILV-600,51.1
2WC6P-400,51.08
3114MP6-300250,50.7
21MP6-150125,50.56
7MP4-250,50.44
14WLMP6-400,50.38
3114MP6-250150,50.2
14MPHR4-300,50.16
21MP6-100,50.12
19MPX4-200,49.7
L2S4P-400,49.66
BV3S-075,49.52
3214MP4-200100,49.52
7WRT4P-300250,49.42
14MPHR6-150,49.36
14A6-250,49.14
14VB6-200,49.1
19WB6-250,49.1
22MP4-150,49.04
3114MP4-300250,49.04
32W6P-400250,49.02
31W4P-400200,48.88
13MHHM-800,48.8
15A4-400,48.72
14MPHR6-150375,48.72
AW2S6P-200,48.52
14MPHR6-150025,48.36
14MPHR6-150050,48.34
21MP6-150,48.3
3114MP4-250150,48.3
16A6-400,48.22
AW2KS6P-250,48.06
3214MP4-250200,48.02
3214MP6-250200,47.82
7WWM4-150,47.72
13ILB-300,47.64
32W6P-300150,47.5
14WLI6-200,47.46
3114MP6-200100,47.2
L2KS4P-400,46.68
14MPHR6-150075,45.94
31W6P-150050,45.74
14MPHR6-150125,45.68
15WLI6-200,45.62
P41-150,45.56
2WK6P-400,45.54
22MP4-100,45.54
7WMM6-100,45.34
14MPHR6-100375,45.14
14MPHR6-100050,45.1
14WLMP6-075,45
31W4P-400250,44.98
15A6-100,44.94
14MPHR6-100075,44.94
14MPHR6-100025,44.88
14MPHR6-100,44.8
14WLMP6-050,44.74
2CMP4-300,44.68
14MPW6-300,44.44
32W4P-400250,44.36
14MPHR6-100125,44.22
7WRT6P-300150,44.18
7WRT6P-300250,44.1
RST-250,43.48
23BMPB6-200,43.48
32W6P-075050,43.08
2CMP6-250,43.02
7WRT6P-300200,42.76
7WWM4-100,42.76
21MP4-100,42.6
GTCE-1200,42.46
14MPHT6-300,42.4
7WRT6P-075050,42.38
2KMP6-300,42.32
L2CM4-250,42.32
7WMM4-100,42.3
14WLI6-150,42.26
15WLI6-150,42.26
L2S6P-300,42.2
32W4P-300150,41.96
19MPX6-150,41.94
14MPHR4-250,41.76
16A4-400,41.48
19WX6-150,41.36
3114MP4-200100,41.14
21MP4-150,41.06
31WMP6-400300,41.04
21MP6-075050,40.68
7WRT6P-100050,40.54
BV2T-100,40.46
7MP4-200,40.42
GILT-600,40.32
14WMP4-600,40.3
7WRT6P-150075,40.14
7WS4P-400,40.06
7MP6-150,39.86
3214MP6-200150,39.6
7WRT6P-150050,39.32
7WRT6P-250150,39.26
14A4-400,39.08
32W4P-300100,38.84
7WRT6P-250100,38.64
14WLMP4-400,38.56
15A6-150,38.52
14MPHR6-050025,38.38
14MPHR6-075025,38.34
19WB4-300,38.32
7WRT6P-100075,38.3
14MPHR6-050375,38.3
15A6-200,38.24
3114MP4-250200,38.22
GTCSW-800,38.16
7WRT6P-200050,38.08
2KMP4-300,37.96
7WRT6P-200075,37.92
14MPHT6-250,37.86
14MPHR6-050125,37.4
2WC4P-400,37.32
3214MP4-150100,37.3
31W6P-400300,37.22
7MP6-100,37.22
13IS-400,37.1
3214MP4-200150,37.1
3214MP6-150100,37.1
14MPHR6-075125,37.08
14MPHR6-075375,37.06
7WRT4P-300200,36.92
7WRT4P-300150,36.92
19WX4-150,36.92
3114MP6-200150,36.92
13MHHM-500,36.86
3114MP6-150100,36.22
19WB6-200,35.98
BV3S-050,35.98
AW2KS6P-200,35.58
14MPHR6-050,35.36
7WL6P-300,35.34
22MP6-075,35.3
AW2S6P-150,35
14MPHR6-075,34.94
15WI6-300,34.82
7WL6P-050,34.78
7WRT4P-200075,34.62
2KMP6-050,34.46
13MHP-400,34.4
7WL6P-075,34.4
7WRT4P-200050,34.38
22MP6-050,34.34
2WK4P-400,34.28
7MP4-150,34
19MPX4-150,33.96
15WI4-400,33.72
GTCE-1000,33.7
14WLMP6-300,33.68
14WI4-400,33.62
7WRT6P-250200,33.5
14A6-200,33.48
32W6P-250100,33.46
7WRT6P-300100,33.32
14MPW6-250,33.1
23BMPB6-100-150,32.9
31W4P-400300,32.72
21MP6-050,32.66
32W6P-400300,32.64
2CMP6-200,32.54
L2CM4-200,32.52
7WL4P-300,32.32
14VB6-150,32
15A4-300,31.98
T24-600,31.88
14MPHT6-200,31.82
L2KS6P-300,31.76
13H-300,31.6
GTCT-1000,31.54
32W6P-300200,31.46
3114MP4-150100,31.46
3114MP4-200150,31.46
7MP4-100,31.34
7WS6P-300,31.28
14MPHR4-200,31.22
14WI4-300,31.06
31W6P-075050,31.04
14WLI6-100,30.64
GTCV-600,30.46
AW2S6P-100,30.36
32W4P-300200,30.34
13ILB-250,30.22
13MHHM-600,29.76
32W4P-400300,29.56
7WS6P-050,29.56
7WS6P-075,29.48
2WC6P-300,29.44
STL14AM76PL-300,29.26
L2CM6-075,29.24
BV2T-075,29.18
2CMP4-250,29.06
L2CM6-050,29.04
L2S6P-250,28.98
2KMP6-075,28.96
14MPHT6-100,28.8
L2CM4-150,28.8
2KMP6-250,28.72
13IS-300,28.32
21MP6-075,28.28
7WRT4P-250150,28.18
31W6P-300150,28.14
14MPHT6-150,27.96
GTCSW-600,27.78
14VB6-100,27.68
L2KS4P-300,27.58
P41-100,27.56
32W6P-250150,27.48
19WB4-250,27.38
31W4P-300150,27.34
2CMP6-150,27.26
7WRT4P-250200,27.12
14A6-150,26.96
16A6-300,26.94
14A4-300,26.84
P24-400,26.8
14WLMP4-300,26.74
19WB6-150,26.64
GTCT-800,26.54
7WL6P-250,26.5
L2S4P-300,26.16
15WI6-250,26.12
14A6-100,25.84
14WLMP6-250,25.76
7WRT6P-200150,25.72
7WS4P-300,25.46
2KMP6-200,25.38
32W4P-250150,24.82
31WMP6-300200,24.8
7WRT6P-200100,24.78
31W6P-300200,24.76
14MPW6-200,24.76
7WS6P-250,24.62
2CMP4-200,24.62
32W6P-200100,24.38
15A4-250,24.3
14WI6-250,24.3
13IS-250,24.26
2KMP4-250,24.18
RST-200,24
13MHP-300,23.92
AW2KS6P-150,23.88
7WL4P-250,23.74
L2KS6P-075,23.62
31W6P-250100,23.6
16AMP6-400,23.6
31W4P-250100,23.44
2CMP6-050,23.34
7WRT4P-200100,23.24
2CMP6-075,23.22
P24-300,23.2
32W6P-300250,23.16
L2CM4-100,23.14
19WB6-100,23.08
13H-250,23.04
16A4-300,22.96
32W4P-300250,22.86
L2KS4P-250,22.86
13ILB-200,22.78
2WK6P-300,22.64
2WC6P-250,22.52
14WI4-250,22.26
13MHP-250,22.2
7WRT4P-200150,22.12
31W4P-300200,22.1
14MPW6-075,22.02
14MPHR4-150,21.98
15WI4-300,21.8
2CMP6-100,21.76
14MPW6-050,21.64
AW2KS6P-100,21.5
L2KS6P-250,21.28
32W4P-200100,21.08
19MPX6-100,21.08
BV2T-050,21.02
7WRT6P-150100,20.8
14MPHR4-100,20.74
19WX6-100,20.74
7WL6P-200,20.58
L2S4P-250,20.4
31W6P-100050,20.3
14A4-250,20.26
STL14AM76PL-250,20.26
13IS-200,20.16
2WC4P-300,19.74
2KMP4-200,19.6
L2S6P-200,19.58
7WS4P-250,19.34
14WLMP4-250,19.3
GTCT-600,19.16
15A4-200,18.98
31W6P-300250,18.8
13MHP-200,18.8
14MPW6-100,18.74
19WX4-100,18.52
16W6P-400,18.46
14MPW6-150,18.46
2CMP4-150,18.28
7WL4P-200,18.26
19WB4-200,18.24
31W6P-250150,18.12
16A6-250,18.1
14WLMP6-200,18.04
13H-200,17.82
P24-250,17.78
BV2T-025,17.7
BV2T-0375,17.68
31W4P-300250,17.6
RST-150,17.46
32W6P-250200,17.4
16AMP4-400,17.32
14RMP4-400,17.12
31W4P-250150,17.1
32W4P-250200,16.98
2WC4P-250,16.96
19MPX4-100,16.96
2WK4P-300,16.94
16W4P-400,16.7
15WI6-200,16.58
L2KS6P-050,16.5
14A4-200,16.44
7WS6P-200,16.12
15WI4-250,16
14AM76-400,15.98
16A4-250,15.74
2KMP6-150,15.7
19WB6-075,15.62
19WB6-050,15.52
31W6P-200100,15.42
2WC6P-200,15.32
31WMP6-250200,15.28
32W6P-200150,15.18
2KMP6-100,15.16
2CMP4-100,15.1
P24-200,14.82
15A4-150,14.8
T24RG-400,14.78
13MHP-100-150,14.74
STL14AM76PL-200,14.66
31W6P-100075,14.42
7WL6P-150,14.42
31W6P-250200,14.34
7WS4P-200,14.32
2WK6P-250,14.3
2KMP4-150,14.3
7WRT4P-150100,14.18
13IS-100-150,14.16
L2S4P-200,14.04
14WLMP6-150,14
14WI6-200,13.98
RST-125,13.9
7WL6P-100,13.78
L2KS6P-200,13.74
2WK6P-050,13.72
16A6-200,13.7
2WK4P-250,13.66
32W4P-200150,13.64
GILV-400,13.64
14WLMP4-200,13.62
14AM74-400,13.6
7WL4P-150,13.54
7WS6P-150,13.52
13ILB-100-150,13.5
T24-400,13.42
2WK6P-075,13.28
2WC6P-075,13.22
L2S6P-150,13.18
32W6P-150100,13.14
2KMP4-100,13.14
14WLMP6-100,13.12
13MHHM-400,13.1
31W4P-200100,13.08
31W4P-250200,13.08
L2KS4P-200,13.02
L2S6P-075,13
L2S6P-050,12.98
14WMP6-400,12.92
14WI4-200,12.86
STL14AM76PL-075,12.8
P24-150,12.78
2WC6P-050,12.76
16W6P-300,12.66
14AM76-300,12.64
19WB4-150,12.6
STL14AM76PL-100,12.46
7WS6P-100,12.42
GTCE-800,12.3
31W6P-200150,12.28
14WI6-150,12.26
STL14AM76PL-150,12.26
32W4P-150100,12.24
31W6P-150100,12.22
16AMP6-300,12.22
STL14AM76PL-050,12.2
16A4-200,12.08
16W6P-075,12.02
13MHP-050-075,11.92
13H-150,11.86
14WMP4-400,11.84
7WL4P-100,11.8
14RMP4-300,11.7
7WS4P-100,11.6
7WS4P-150,11.5
GILV-300,11.44
16W6P-050,11.42
T24RG-300,11.34
14WI4-150,11.28
31W4P-200150,11.26
P24-100,11.18
T24-300,11.16
RST-100,11.14
14A4-150,10.98
P24-075,10.96
P24-050,10.94
2WC4P-200,10.9
15WI6-100,10.9
16W4P-300,10.88
13MHHM-300,10.88
T24RG-250,10.86
RST-075,10.84
L2KS6P-150,10.8
15WI6-150,10.8
RST-050,10.78
2WC6P-150,10.58
15WI4-200,10.48
15A4-100,10.44
16W6P-250,10.22
31W4P-150100,10.22
16AMP4-300,10.22
16A6-150,10.14
L2S4P-150,10.08
14AM76-250,9.9
13MHHM-250,9.82
2WK6P-200,9.8
14WLMP4-150,9.7
13H-100,9.62
14WI6-100,9.6
14RMP4-250,9.56
L2KS6P-100,9.52
31WMP6-200150,9.52
14WLMP4-100,9.44
GILV-250,9.42
L2S6P-100,9.38
T24-250,9.36
T24RG-200,9.18
2WK4P-200,9.08
L2KS4P-100,9.04
L2KS4P-150,9.02
16AMP6-250,8.94
13MHHM-200,8.88
16W4P-250,8.8
GILEW-400,8.8
19WB4-100,8.74
16A4-150,8.66
14AM74-300,8.64
T24-200,8.2
GILV-200,8.04
14WMP6-300,8
31WMP6-200100,8
14A4-100,7.9
L2S4P-100,7.9
2WC4P-150,7.86
16W6P-200,7.84
2WK6P-150,7.78
GTCV-400,7.74
T24RG-150,7.66
13MHHM-100-150,7.54
14AM74-250,7.52
16AMP4-250,7.52
14WMP4-300,7.46
14RMP4-200,7.42
T24-150,7.36
T24-100,7.26
T24RG-100,7.26
16W4P-200,7.24
2WC6P-100,7.1
14WI4-100,6.98
14AM76-200,6.96
GILV-150,6.82
15WI4-100,6.78
15WI4-150,6.74
GILV-100,6.6
14AM76-075,6.56
GBST-400,6.54
2WK6P-100,6.5
14AM76-100,6.44
31WMP6-075-050,6.4
2WK4P-150,6.34
GTCB-800,6.24
14WMP6-250,6.06
16AMP6-200,6.02
14AM76-150,5.98
14AM76-050,5.96
T24-075,5.88
14WMP4-250,5.8
GILT-400,5.78
13MHHM-050-075,5.66
T24-050,5.66
2WC4P-100,5.64
16W6P-150,5.6
GILEW-300,5.56
14AM74-200,5.52
14RMP4-150,5.5
14WMP6-200,5.42
GTCB-600,5.38
2WK4P-100,5.36
16A6-100,5.34
GILEW-250,5.3
16AMP6-100-150,5.22
GILE-400,5.16
GTCE-600,5.12
16W6P-100,5.1
16W4P-150,5.08
GILEW-200,5.06
GBSB-400,5
GTCV-300,4.98
16W4P-100,4.84
14AM74-100,4.72
14AM74-150,4.7
GILEW-150,4.7
16AMP4-200,4.6
14RMP4-100,4.6
16A4-100,4.54
GBST-300,4.52
14WMP6-075,4.46
GBST-250,4.2
14WMP6-100,4.2
14WMP6-050,4.18
14WMP6-150,4.12
GILE-300,4.04
14WMP4-200,4
GILEW-100,3.98
16AMP6-050-075,3.9
GTCV-250,3.8
GILT-300,3.5
GTCSW-400,3.48
14WMP4-100,3.36
14WMP4-150,3.22
GILE-250,3.16
GILT-250,3.02
GBST-200,2.84
GTCV-100,2.78
GILT-200,2.76
GBSB-300,2.72
GILT-150,2.54
GTCSW-300,2.38
GTCV-050,2.34
GBST-150,2.32
GTCV-200,2.22
GILT-100,2.22
GBSB-250,2.2
GTCT-400,2.18
GTCV-075,2.18
GTCSW-250,2.1
GTCV-150,2.04
GILE-200,1.9
GBST-100,1.88
GILE-100,1.76
GTCSW-100,1.72
GILE-150,1.72
GTCSW-200,1.68
GTCT-300,1.6
GTCE-400,1.54
GTCSW-150,1.44
GTCT-250,1.38
GTCSW-075,1.36
GTCB-400,1.32
GTCSW-050,1.3
GTCB-075,1.28
GBSB-200,1.24
GTCT-100,1.2
GBSB-150,1.2
GTCT-200,1.1
GTCT-050,1.1
GTCT-075,1.1
GBSB-100,1.1
GTCE-300,0.9
GTCT-150,0.9
GTCE-075,0.88
GTCE-050,0.86
GTCE-250,0.82
GTCB-300,0.76
GTCE-150,0.72
GTCB-250,0.7
GTCE-100,0.7
GTCE-200,0.68
GTCB-050,0.64
GTCB-200,0.56
GTCB-150,0.46
GTCB-100,0.36
2KXL184-200,0
2KSXL186-300,0
2KSXL124-400-60,0
2KSXL124-400-30,0